loan_id,customer_id,amount,currency,interest_rate,term_months,purpose,status,disbursed_at,due_date,created_at,updated_at
LON-0000001,FIN-000001,21969.09,USD,17.67,3,personal,active,2025-12-22T07:59:20,2026-03-22,2025-12-22T07:59:20,2026-06-29T14:46:11.096425
LON-0000002,FIN-000003,1639.07,USD,12.1,6,vehicle,completed,2024-05-28T22:43:01,2024-11-24,2024-05-28T22:43:01,2026-06-29T14:46:11.096541
LON-0000003,FIN-000004,37522.86,USD,22.51,6,vehicle,completed,2026-04-23T20:24:42,2026-10-20,2026-04-23T20:24:42,2026-06-29T14:46:11.096632
LON-0000004,FIN-000005,23806.46,USD,14.21,24,home_improvement,overdue,2024-05-05T23:23:13,2026-04-25,2024-05-05T23:23:13,2026-06-29T14:46:11.096713
LON-0000005,FIN-000007,3129.61,USD,15.39,6,vehicle,active,2026-05-10T16:45:12,2026-11-06,2026-05-10T16:45:12,2026-06-29T14:46:11.096792
LON-0000006,FIN-000015,49522.09,USD,23.72,36,home_improvement,overdue,2026-04-07T03:40:57,2029-03-22,2026-04-07T03:40:57,2026-06-29T14:46:11.096994
LON-0000007,FIN-000023,16134.98,USD,8.63,36,vehicle,overdue,2025-10-18T11:15:14,2028-10-02,2025-10-18T11:15:14,2026-06-29T14:46:11.097222
LON-0000008,FIN-000025,40726.27,USD,16.8,12,working_capital,overdue,2026-02-14T14:33:59,2027-02-09,2026-02-14T14:33:59,2026-06-29T14:46:11.097300
LON-0000009,FIN-000030,1499.14,USD,17.32,6,personal,active,2025-10-24T10:39:58,2026-04-22,2025-10-24T10:39:58,2026-06-29T14:46:11.097439
LON-0000010,FIN-000031,17289.34,USD,18.17,12,personal,active,2026-05-16T02:47:05,2027-05-11,2026-05-16T02:47:05,2026-06-29T14:46:11.097514
LON-0000011,FIN-000037,6924.36,USD,12.62,12,vehicle,completed,2025-07-17T09:29:32,2026-07-12,2025-07-17T09:29:32,2026-06-29T14:46:11.097680
LON-0000012,FIN-000040,45050.52,USD,12.02,3,equipment_purchase,completed,2024-09-02T00:36:36,2024-12-01,2024-09-02T00:36:36,2026-06-29T14:46:11.097824
LON-0000013,FIN-000041,5988.57,USD,10.09,6,equipment_purchase,completed,2026-03-21T12:57:12,2026-09-17,2026-03-21T12:57:12,2026-06-29T14:46:11.097903
LON-0000014,FIN-000042,1306.81,USD,9.6,36,vehicle,overdue,2024-12-12T06:36:33,2027-11-27,2024-12-12T06:36:33,2026-06-29T14:46:11.098002
LON-0000015,FIN-000043,43488.73,USD,22.39,24,vehicle,overdue,2025-05-19T11:49:21,2027-05-09,2025-05-19T11:49:21,2026-06-29T14:46:11.098095
LON-0000016,FIN-000044,41264.73,USD,15.36,36,vehicle,completed,2025-05-19T00:12:34,2028-05-03,2025-05-19T00:12:34,2026-06-29T14:46:11.098172
LON-0000017,FIN-000056,23624.01,USD,22.23,12,emergency,defaulted,2026-03-18T20:49:51,2027-03-13,2026-03-18T20:49:51,2026-06-29T14:46:11.098474
LON-0000018,FIN-000073,14494.39,USD,17.64,24,personal,completed,2025-01-31T23:49:52,2027-01-21,2025-01-31T23:49:52,2026-06-29T14:46:11.098805
LON-0000019,FIN-000076,8418.68,USD,19.38,12,equipment_purchase,active,2025-07-20T17:05:25,2026-07-15,2025-07-20T17:05:25,2026-06-29T14:46:11.098945
LON-0000020,FIN-000079,19944.29,USD,9.92,6,business_expansion,active,2026-06-11T22:57:21,2026-12-08,2026-06-11T22:57:21,2026-06-29T14:46:11.099054
LON-0000021,FIN-000080,5010.91,USD,9.83,36,equipment_purchase,completed,2024-12-31T23:44:33,2027-12-16,2024-12-31T23:44:33,2026-06-29T14:46:11.099130
LON-0000022,FIN-000087,29842.79,USD,8.09,3,emergency,completed,2024-01-27T09:58:34,2024-04-26,2024-01-27T09:58:34,2026-06-29T14:46:11.099352
LON-0000023,FIN-000090,1266.95,USD,10.96,36,personal,completed,2024-02-02T17:59:50,2027-01-17,2024-02-02T17:59:50,2026-06-29T14:46:11.099458
LON-0000024,FIN-000097,22117.36,USD,16.72,6,business_expansion,active,2026-02-21T03:58:47,2026-08-20,2026-02-21T03:58:47,2026-06-29T14:46:11.099594
LON-0000025,FIN-000098,38879.09,USD,23.76,3,equipment_purchase,overdue,2025-05-07T10:23:48,2025-08-05,2025-05-07T10:23:48,2026-06-29T14:46:11.099685
LON-0000026,FIN-000105,42463.76,USD,11.36,24,emergency,completed,2026-06-27T08:07:26,2028-06-16,2026-06-27T08:07:26,2026-06-29T14:46:11.099978
LON-0000027,FIN-000106,12547.78,USD,14.32,6,personal,defaulted,2024-02-10T16:42:37,2024-08-08,2024-02-10T16:42:37,2026-06-29T14:46:11.100120
LON-0000028,FIN-000109,26818.14,USD,19.54,6,equipment_purchase,defaulted,2025-07-26T22:33:33,2026-01-22,2025-07-26T22:33:33,2026-06-29T14:46:11.100256
LON-0000029,FIN-000111,7924.99,USD,10.27,6,home_improvement,completed,2023-08-31T12:24:22,2024-02-27,2023-08-31T12:24:22,2026-06-29T14:46:11.100375
LON-0000030,FIN-000116,46077.82,USD,19.7,6,emergency,active,2026-04-16T08:51:36,2026-10-13,2026-04-16T08:51:36,2026-06-29T14:46:11.100518
LON-0000031,FIN-000117,2158.83,USD,9.43,24,working_capital,completed,2025-11-09T07:43:54,2027-10-30,2025-11-09T07:43:54,2026-06-29T14:46:11.100584
LON-0000032,FIN-000119,12950.3,USD,21.96,6,working_capital,completed,2024-10-13T12:04:50,2025-04-11,2024-10-13T12:04:50,2026-06-29T14:46:11.100678
LON-0000033,FIN-000127,10900.69,USD,12.78,36,vehicle,completed,2025-07-18T13:52:00,2028-07-02,2025-07-18T13:52:00,2026-06-29T14:46:11.100873
LON-0000034,FIN-000129,46577.48,USD,11.72,3,personal,completed,2026-02-24T13:06:03,2026-05-25,2026-02-24T13:06:03,2026-06-29T14:46:11.100968
LON-0000035,FIN-000133,44307.31,USD,15.08,12,education,active,2024-10-09T17:55:35,2025-10-04,2024-10-09T17:55:35,2026-06-29T14:46:11.101062
LON-0000036,FIN-000134,19460.86,USD,13.62,36,working_capital,active,2024-05-17T14:03:06,2027-05-02,2024-05-17T14:03:06,2026-06-29T14:46:11.101128
LON-0000037,FIN-000137,4514.47,USD,16.56,12,business_expansion,active,2025-12-07T13:26:27,2026-12-02,2025-12-07T13:26:27,2026-06-29T14:46:11.101249
LON-0000038,FIN-000150,32618.56,USD,22.79,36,business_expansion,completed,2026-01-15T19:19:35,2028-12-30,2026-01-15T19:19:35,2026-06-29T14:46:11.101470
LON-0000039,FIN-000153,25832.91,USD,18.7,36,emergency,completed,2025-12-11T22:31:28,2028-11-25,2025-12-11T22:31:28,2026-06-29T14:46:11.101593
LON-0000040,FIN-000156,21114.57,USD,19.51,24,equipment_purchase,active,2025-11-16T03:10:48,2027-11-06,2025-11-16T03:10:48,2026-06-29T14:46:11.101690
LON-0000041,FIN-000159,41413.81,USD,9.15,3,education,active,2025-07-28T20:10:57,2025-10-26,2025-07-28T20:10:57,2026-06-29T14:46:11.101785
LON-0000042,FIN-000162,26163.92,USD,23.07,6,business_expansion,completed,2026-01-14T14:12:12,2026-07-13,2026-01-14T14:12:12,2026-06-29T14:46:11.101886
LON-0000043,FIN-000164,23303.94,USD,8.81,3,personal,completed,2026-05-28T10:37:31,2026-08-26,2026-05-28T10:37:31,2026-06-29T14:46:11.101980
LON-0000044,FIN-000166,28629.74,USD,11.7,24,home_improvement,active,2025-08-29T10:02:50,2027-08-19,2025-08-29T10:02:50,2026-06-29T14:46:11.102082
LON-0000045,FIN-000181,44729.15,USD,11.62,12,working_capital,active,2025-07-11T13:06:27,2026-07-06,2025-07-11T13:06:27,2026-06-29T14:46:11.102366
LON-0000046,FIN-000185,36042.46,USD,17.25,12,working_capital,overdue,2025-10-24T10:42:33,2026-10-19,2025-10-24T10:42:33,2026-06-29T14:46:11.102458
LON-0000047,FIN-000187,15623.35,USD,15.08,3,education,completed,2025-12-06T12:07:53,2026-03-06,2025-12-06T12:07:53,2026-06-29T14:46:11.102549
LON-0000048,FIN-000191,3489.77,USD,21.89,36,vehicle,active,2025-12-13T07:29:49,2028-11-27,2025-12-13T07:29:49,2026-06-29T14:46:11.102692
LON-0000049,FIN-000207,40430.05,USD,12.99,3,education,defaulted,2026-01-05T03:33:58,2026-04-05,2026-01-05T03:33:58,2026-06-29T14:46:11.103000
LON-0000050,FIN-000212,32602.15,USD,13.98,24,working_capital,active,2026-06-18T09:04:47,2028-06-07,2026-06-18T09:04:47,2026-06-29T14:46:11.103121
LON-0000051,FIN-000215,18120.24,USD,15.95,6,business_expansion,completed,2026-05-30T16:27:14,2026-11-26,2026-05-30T16:27:14,2026-06-29T14:46:11.103187
LON-0000052,FIN-000218,25212.58,USD,20.34,6,vehicle,overdue,2026-03-05T23:01:19,2026-09-01,2026-03-05T23:01:19,2026-06-29T14:46:11.103306
LON-0000053,FIN-000220,20657.91,USD,17.25,6,personal,defaulted,2026-06-07T07:11:17,2026-12-04,2026-06-07T07:11:17,2026-06-29T14:46:11.103398
LON-0000054,FIN-000226,20447.56,USD,16.19,12,working_capital,completed,2026-04-13T10:20:06,2027-04-08,2026-04-13T10:20:06,2026-06-29T14:46:11.103541
LON-0000055,FIN-000227,35702.7,USD,15.91,36,personal,active,2024-07-11T00:24:11,2027-06-26,2024-07-11T00:24:11,2026-06-29T14:46:11.103606
LON-0000056,FIN-000228,31284.79,USD,10.57,6,personal,active,2026-06-08T15:09:40,2026-12-05,2026-06-08T15:09:40,2026-06-29T14:46:11.103673
LON-0000057,FIN-000235,16812.7,USD,21.48,36,home_improvement,completed,2026-05-25T23:15:44,2029-05-09,2026-05-25T23:15:44,2026-06-29T14:46:11.103843
LON-0000058,FIN-000236,31220.81,USD,10.02,12,equipment_purchase,defaulted,2026-03-23T00:50:26,2027-03-18,2026-03-23T00:50:26,2026-06-29T14:46:11.103909
LON-0000059,FIN-000239,28450.15,USD,21.09,36,business_expansion,defaulted,2024-01-28T04:49:19,2027-01-12,2024-01-28T04:49:19,2026-06-29T14:46:11.104002
LON-0000060,FIN-000254,40680.93,USD,19.71,24,education,active,2025-10-26T23:40:48,2027-10-16,2025-10-26T23:40:48,2026-06-29T14:46:11.104247
LON-0000061,FIN-000255,17550.28,USD,18.4,12,business_expansion,completed,2026-05-05T03:59:17,2027-04-30,2026-05-05T03:59:17,2026-06-29T14:46:11.104312
LON-0000062,FIN-000256,18381.57,USD,9.15,36,working_capital,active,2026-01-25T10:39:04,2029-01-09,2026-01-25T10:39:04,2026-06-29T14:46:11.104377
LON-0000063,FIN-000271,7528.2,USD,13.43,36,working_capital,active,2026-04-29T13:34:05,2029-04-13,2026-04-29T13:34:05,2026-06-29T14:46:11.104710
LON-0000064,FIN-000294,22816.96,USD,22.04,3,vehicle,completed,2026-05-22T11:32:03,2026-08-20,2026-05-22T11:32:03,2026-06-29T14:46:11.105216
LON-0000065,FIN-000318,15569.54,USD,14.51,36,personal,completed,2025-02-15T00:06:12,2028-01-31,2025-02-15T00:06:12,2026-06-29T14:46:11.105611
LON-0000066,FIN-000324,11639.68,USD,19.16,3,equipment_purchase,defaulted,2026-02-09T18:29:30,2026-05-10,2026-02-09T18:29:30,2026-06-29T14:46:11.105776
LON-0000067,FIN-000329,48576.22,USD,12.37,24,equipment_purchase,active,2024-09-29T10:35:02,2026-09-19,2024-09-29T10:35:02,2026-06-29T14:46:11.105920
LON-0000068,FIN-000333,27460.58,USD,21.6,12,working_capital,completed,2025-03-04T06:34:39,2026-02-27,2025-03-04T06:34:39,2026-06-29T14:46:11.106038
LON-0000069,FIN-000334,43117.28,USD,12.92,24,vehicle,defaulted,2026-02-08T07:49:21,2028-01-29,2026-02-08T07:49:21,2026-06-29T14:46:11.106110
LON-0000070,FIN-000342,28559.91,USD,21.26,12,business_expansion,completed,2026-03-20T00:49:10,2027-03-15,2026-03-20T00:49:10,2026-06-29T14:46:11.106204
LON-0000071,FIN-000343,4316.93,USD,16.25,6,home_improvement,active,2026-06-29T14:37:45,2026-12-26,2026-06-29T14:37:45,2026-06-29T14:46:11.106268
LON-0000072,FIN-000347,48215.92,USD,11.19,36,vehicle,completed,2026-05-09T15:33:31,2029-04-23,2026-05-09T15:33:31,2026-06-29T14:46:11.106383
LON-0000073,FIN-000360,45434.74,USD,21.14,24,equipment_purchase,completed,2025-06-24T02:44:51,2027-06-14,2025-06-24T02:44:51,2026-06-29T14:46:11.106691
LON-0000074,FIN-000362,23476.22,USD,13.82,6,working_capital,overdue,2026-02-06T04:49:11,2026-08-05,2026-02-06T04:49:11,2026-06-29T14:46:11.106786
LON-0000075,FIN-000363,49770.27,USD,23.25,24,emergency,active,2025-08-03T08:17:22,2027-07-24,2025-08-03T08:17:22,2026-06-29T14:46:11.106849
LON-0000076,FIN-000375,47746.81,USD,10.92,6,equipment_purchase,defaulted,2025-08-07T14:48:19,2026-02-03,2025-08-07T14:48:19,2026-06-29T14:46:11.107108
LON-0000077,FIN-000388,14622.73,USD,9.98,12,personal,completed,2024-11-19T17:28:25,2025-11-14,2024-11-19T17:28:25,2026-06-29T14:46:11.107365
LON-0000078,FIN-000389,32713.98,USD,18.25,12,education,active,2026-05-02T20:45:36,2027-04-27,2026-05-02T20:45:36,2026-06-29T14:46:11.107433
LON-0000079,FIN-000390,35588.16,USD,9.89,36,personal,defaulted,2025-11-22T14:21:42,2028-11-06,2025-11-22T14:21:42,2026-06-29T14:46:11.107535
LON-0000080,FIN-000393,15868.49,USD,10.69,6,emergency,active,2025-03-22T00:39:39,2025-09-18,2025-03-22T00:39:39,2026-06-29T14:46:11.107663
LON-0000081,FIN-000400,39861.24,USD,11.72,36,vehicle,completed,2025-02-07T20:27:19,2028-01-23,2025-02-07T20:27:19,2026-06-29T14:46:11.107872
LON-0000082,FIN-000407,13529.09,USD,10.44,3,home_improvement,completed,2026-05-10T21:52:16,2026-08-08,2026-05-10T21:52:16,2026-06-29T14:46:11.108398
LON-0000083,FIN-000409,46249.53,USD,19.13,24,emergency,completed,2026-06-27T16:09:51,2028-06-16,2026-06-27T16:09:51,2026-06-29T14:46:11.108660
LON-0000084,FIN-000410,34172.03,USD,13.83,12,equipment_purchase,defaulted,2026-05-27T16:44:06,2027-05-22,2026-05-27T16:44:06,2026-06-29T14:46:11.108760
LON-0000085,FIN-000413,26319.5,USD,8.87,24,home_improvement,overdue,2025-01-14T16:18:29,2027-01-04,2025-01-14T16:18:29,2026-06-29T14:46:11.108922
LON-0000086,FIN-000416,19705.94,USD,14.21,6,working_capital,active,2026-06-23T15:54:14,2026-12-20,2026-06-23T15:54:14,2026-06-29T14:46:11.109085
LON-0000087,FIN-000419,11409.56,USD,21.01,3,equipment_purchase,active,2026-05-27T06:50:14,2026-08-25,2026-05-27T06:50:14,2026-06-29T14:46:11.109307
LON-0000088,FIN-000420,1958.96,USD,22.01,3,business_expansion,active,2025-09-23T20:42:23,2025-12-22,2025-09-23T20:42:23,2026-06-29T14:46:11.109458
LON-0000089,FIN-000428,46335.02,USD,23.93,36,vehicle,active,2026-03-23T02:37:32,2029-03-07,2026-03-23T02:37:32,2026-06-29T14:46:11.109906
LON-0000090,FIN-000433,24681.55,USD,18.19,3,home_improvement,active,2026-05-25T22:09:29,2026-08-23,2026-05-25T22:09:29,2026-06-29T14:46:11.110115
LON-0000091,FIN-000435,28822.08,USD,9.65,3,emergency,completed,2026-04-20T19:00:21,2026-07-19,2026-04-20T19:00:21,2026-06-29T14:46:11.110254
LON-0000092,FIN-000437,37962.15,USD,21.31,3,education,completed,2025-09-12T03:08:55,2025-12-11,2025-09-12T03:08:55,2026-06-29T14:46:11.110440
LON-0000093,FIN-000438,16168.57,USD,11.69,36,equipment_purchase,completed,2026-06-26T02:44:30,2029-06-10,2026-06-26T02:44:30,2026-06-29T14:46:11.110529
LON-0000094,FIN-000439,8966.11,USD,9.61,36,business_expansion,completed,2025-02-17T00:34:51,2028-02-02,2025-02-17T00:34:51,2026-06-29T14:46:11.110626
LON-0000095,FIN-000445,3606.43,USD,13.82,24,business_expansion,completed,2026-02-25T12:49:32,2028-02-15,2026-02-25T12:49:32,2026-06-29T14:46:11.110795
LON-0000096,FIN-000449,22916.26,USD,12.79,12,working_capital,active,2026-01-24T19:48:15,2027-01-19,2026-01-24T19:48:15,2026-06-29T14:46:11.110926
LON-0000097,FIN-000457,9583.17,USD,20.71,12,emergency,completed,2024-08-05T01:37:24,2025-07-31,2024-08-05T01:37:24,2026-06-29T14:46:11.111136
LON-0000098,FIN-000459,16075.72,USD,19.47,3,personal,defaulted,2026-05-28T18:15:21,2026-08-26,2026-05-28T18:15:21,2026-06-29T14:46:11.111207
LON-0000099,FIN-000460,20471.03,USD,21.34,3,personal,completed,2025-11-02T06:50:07,2026-01-31,2025-11-02T06:50:07,2026-06-29T14:46:11.111296
LON-0000100,FIN-000462,1531.14,USD,10.76,12,vehicle,active,2025-10-04T09:02:56,2026-09-29,2025-10-04T09:02:56,2026-06-29T14:46:11.111461
LON-0000101,FIN-000466,1015.63,USD,11.91,12,emergency,active,2025-02-13T11:50:08,2026-02-08,2025-02-13T11:50:08,2026-06-29T14:46:11.111697
LON-0000102,FIN-000477,28149.3,USD,18.25,36,education,active,2026-06-12T21:18:32,2029-05-27,2026-06-12T21:18:32,2026-06-29T14:46:11.112022
LON-0000103,FIN-000478,49558.0,USD,19.95,6,vehicle,active,2026-06-13T02:07:15,2026-12-10,2026-06-13T02:07:15,2026-06-29T14:46:11.112089
LON-0000104,FIN-000489,35094.21,USD,23.99,36,working_capital,completed,2026-04-01T17:21:06,2029-03-16,2026-04-01T17:21:06,2026-06-29T14:46:11.112305
LON-0000105,FIN-000490,6163.95,USD,23.24,12,education,completed,2026-06-01T03:25:48,2027-05-27,2026-06-01T03:25:48,2026-06-29T14:46:11.112369
LON-0000106,FIN-000493,45220.11,USD,14.6,24,home_improvement,completed,2026-06-11T16:59:34,2028-05-31,2026-06-11T16:59:34,2026-06-29T14:46:11.112504
LON-0000107,FIN-000494,9143.93,USD,8.14,3,education,completed,2026-06-07T11:49:11,2026-09-05,2026-06-07T11:49:11,2026-06-29T14:46:11.112570
LON-0000108,FIN-000501,42480.6,USD,19.55,12,business_expansion,active,2026-04-05T11:36:54,2027-03-31,2026-04-05T11:36:54,2026-06-29T14:46:11.112760
LON-0000109,FIN-000506,2544.61,USD,9.53,3,vehicle,completed,2026-05-14T15:21:05,2026-08-12,2026-05-14T15:21:05,2026-06-29T14:46:11.112856
LON-0000110,FIN-000508,22829.65,USD,15.59,36,vehicle,overdue,2026-03-08T14:13:58,2029-02-20,2026-03-08T14:13:58,2026-06-29T14:46:11.112965
LON-0000111,FIN-000513,6573.79,USD,15.9,3,vehicle,defaulted,2025-03-07T12:45:14,2025-06-05,2025-03-07T12:45:14,2026-06-29T14:46:11.113086
LON-0000112,FIN-000522,17439.1,USD,12.71,12,personal,overdue,2026-06-26T04:20:55,2027-06-21,2026-06-26T04:20:55,2026-06-29T14:46:11.113343
LON-0000113,FIN-000528,38662.51,USD,13.89,3,equipment_purchase,completed,2025-06-18T09:38:56,2025-09-16,2025-06-18T09:38:56,2026-06-29T14:46:11.113649
LON-0000114,FIN-000533,27125.88,USD,17.82,3,working_capital,defaulted,2026-03-01T09:13:42,2026-05-30,2026-03-01T09:13:42,2026-06-29T14:46:11.113803
LON-0000115,FIN-000539,45217.53,USD,13.89,36,home_improvement,completed,2026-03-12T22:04:24,2029-02-24,2026-03-12T22:04:24,2026-06-29T14:46:11.114103
LON-0000116,FIN-000543,9307.34,USD,17.76,3,personal,active,2025-03-15T16:42:25,2025-06-13,2025-03-15T16:42:25,2026-06-29T14:46:11.114181
LON-0000117,FIN-000544,43950.64,USD,19.98,6,vehicle,completed,2025-11-26T02:59:47,2026-05-25,2025-11-26T02:59:47,2026-06-29T14:46:11.114289
LON-0000118,FIN-000550,3371.52,USD,23.37,24,education,active,2025-11-29T14:45:28,2027-11-19,2025-11-29T14:45:28,2026-06-29T14:46:11.114501
LON-0000119,FIN-000553,45213.49,USD,15.62,12,education,active,2025-08-12T05:26:14,2026-08-07,2025-08-12T05:26:14,2026-06-29T14:46:11.114620
LON-0000120,FIN-000559,21841.15,USD,21.14,36,vehicle,active,2024-10-05T11:10:09,2027-09-20,2024-10-05T11:10:09,2026-06-29T14:46:11.114774
LON-0000121,FIN-000562,39105.34,USD,23.64,6,working_capital,completed,2026-04-27T13:00:17,2026-10-24,2026-04-27T13:00:17,2026-06-29T14:46:11.114929
LON-0000122,FIN-000570,33620.75,USD,23.56,12,working_capital,completed,2026-03-08T05:45:10,2027-03-03,2026-03-08T05:45:10,2026-06-29T14:46:11.115174
LON-0000123,FIN-000574,44917.82,USD,22.43,24,education,active,2025-10-26T21:33:32,2027-10-16,2025-10-26T21:33:32,2026-06-29T14:46:11.115375
LON-0000124,FIN-000576,8503.71,USD,11.76,12,vehicle,active,2025-12-21T21:29:33,2026-12-16,2025-12-21T21:29:33,2026-06-29T14:46:11.115473
LON-0000125,FIN-000581,24843.0,USD,11.17,12,education,defaulted,2025-07-19T00:24:02,2026-07-14,2025-07-19T00:24:02,2026-06-29T14:46:11.115624
LON-0000126,FIN-000584,30905.02,USD,17.05,12,working_capital,completed,2026-02-20T16:15:20,2027-02-15,2026-02-20T16:15:20,2026-06-29T14:46:11.115757
LON-0000127,FIN-000585,5698.39,USD,9.34,12,vehicle,active,2026-04-23T10:28:05,2027-04-18,2026-04-23T10:28:05,2026-06-29T14:46:11.115858
LON-0000128,FIN-000588,3535.54,USD,21.62,6,equipment_purchase,active,2025-08-03T13:47:48,2026-01-30,2025-08-03T13:47:48,2026-06-29T14:46:11.115981
LON-0000129,FIN-000593,16161.67,USD,14.44,3,equipment_purchase,completed,2026-03-06T20:51:41,2026-06-04,2026-03-06T20:51:41,2026-06-29T14:46:11.116104
LON-0000130,FIN-000608,29458.06,USD,17.29,24,emergency,active,2025-09-30T10:35:05,2027-09-20,2025-09-30T10:35:05,2026-06-29T14:46:11.116423
LON-0000131,FIN-000611,13655.64,USD,20.65,36,education,completed,2025-11-05T06:07:38,2028-10-20,2025-11-05T06:07:38,2026-06-29T14:46:11.116558
LON-0000132,FIN-000614,30616.13,USD,10.75,24,education,overdue,2024-08-26T22:25:33,2026-08-16,2024-08-26T22:25:33,2026-06-29T14:46:11.116685
LON-0000133,FIN-000620,3460.43,USD,19.87,12,business_expansion,completed,2025-08-17T14:06:56,2026-08-12,2025-08-17T14:06:56,2026-06-29T14:46:11.116802
LON-0000134,FIN-000626,11315.72,USD,20.31,6,equipment_purchase,completed,2025-03-27T09:40:03,2025-09-23,2025-03-27T09:40:03,2026-06-29T14:46:11.116946
LON-0000135,FIN-000631,49765.71,USD,14.27,6,emergency,completed,2026-06-26T16:04:05,2026-12-23,2026-06-26T16:04:05,2026-06-29T14:46:11.117093
LON-0000136,FIN-000635,16700.19,USD,18.42,36,equipment_purchase,completed,2026-01-14T19:48:15,2028-12-29,2026-01-14T19:48:15,2026-06-29T14:46:11.117239
LON-0000137,FIN-000641,34436.05,USD,8.12,3,vehicle,completed,2026-05-11T19:13:03,2026-08-09,2026-05-11T19:13:03,2026-06-29T14:46:11.117428
LON-0000138,FIN-000644,25425.96,USD,19.46,24,working_capital,active,2025-07-17T04:23:13,2027-07-07,2025-07-17T04:23:13,2026-06-29T14:46:11.117522
LON-0000139,FIN-000650,38794.19,USD,12.26,24,business_expansion,completed,2026-02-28T15:13:21,2028-02-18,2026-02-28T15:13:21,2026-06-29T14:46:11.117689
LON-0000140,FIN-000655,33001.27,USD,13.76,6,working_capital,active,2025-01-13T13:28:42,2025-07-12,2025-01-13T13:28:42,2026-06-29T14:46:11.117809
LON-0000141,FIN-000658,15718.63,USD,15.45,12,equipment_purchase,completed,2026-04-08T05:29:58,2027-04-03,2026-04-08T05:29:58,2026-06-29T14:46:11.117873
LON-0000142,FIN-000668,14878.33,USD,19.01,3,equipment_purchase,active,2026-05-12T18:34:03,2026-08-10,2026-05-12T18:34:03,2026-06-29T14:46:11.118065
LON-0000143,FIN-000673,42814.79,USD,15.56,24,education,overdue,2023-09-20T04:50:51,2025-09-09,2023-09-20T04:50:51,2026-06-29T14:46:11.118234
LON-0000144,FIN-000677,26814.41,USD,17.22,3,home_improvement,active,2023-12-14T12:57:45,2024-03-13,2023-12-14T12:57:45,2026-06-29T14:46:11.118352
LON-0000145,FIN-000679,7301.28,USD,17.81,12,personal,completed,2026-06-07T01:11:15,2027-06-02,2026-06-07T01:11:15,2026-06-29T14:46:11.118452
LON-0000146,FIN-000681,25690.55,USD,20.07,36,emergency,defaulted,2026-02-01T21:07:22,2029-01-16,2026-02-01T21:07:22,2026-06-29T14:46:11.118574
LON-0000147,FIN-000692,30966.43,USD,9.78,24,education,active,2025-08-02T10:33:16,2027-07-23,2025-08-02T10:33:16,2026-06-29T14:46:11.118834
LON-0000148,FIN-000705,37441.16,USD,21.06,6,emergency,defaulted,2025-07-21T17:17:31,2026-01-17,2025-07-21T17:17:31,2026-06-29T14:46:11.119096
LON-0000149,FIN-000714,33124.95,USD,14.12,6,working_capital,completed,2025-10-12T14:00:12,2026-04-10,2025-10-12T14:00:12,2026-06-29T14:46:11.119260
LON-0000150,FIN-000718,28525.5,USD,9.56,24,personal,active,2026-06-27T21:39:39,2028-06-16,2026-06-27T21:39:39,2026-06-29T14:46:11.119379
LON-0000151,FIN-000722,985.87,USD,23.85,24,personal,overdue,2026-05-08T13:27:46,2028-04-27,2026-05-08T13:27:46,2026-06-29T14:46:11.119523
LON-0000152,FIN-000733,10964.54,USD,16.75,24,personal,active,2025-08-16T17:06:20,2027-08-06,2025-08-16T17:06:20,2026-06-29T14:46:11.119738
LON-0000153,FIN-000742,13884.17,USD,15.41,6,emergency,active,2026-01-23T00:43:35,2026-07-22,2026-01-23T00:43:35,2026-06-29T14:46:11.119952
LON-0000154,FIN-000743,37975.35,USD,20.99,24,equipment_purchase,completed,2024-12-27T08:37:05,2026-12-17,2024-12-27T08:37:05,2026-06-29T14:46:11.120018
LON-0000155,FIN-000744,41523.45,USD,17.78,24,home_improvement,active,2026-05-15T01:26:20,2028-05-04,2026-05-15T01:26:20,2026-06-29T14:46:11.120083
LON-0000156,FIN-000750,8529.71,USD,12.05,6,business_expansion,active,2025-12-04T02:42:54,2026-06-02,2025-12-04T02:42:54,2026-06-29T14:46:11.120249
LON-0000157,FIN-000751,17508.51,USD,18.67,36,education,active,2024-03-12T08:41:09,2027-02-25,2024-03-12T08:41:09,2026-06-29T14:46:11.120315
LON-0000158,FIN-000752,44183.95,USD,17.55,3,equipment_purchase,active,2025-12-20T23:28:09,2026-03-20,2025-12-20T23:28:09,2026-06-29T14:46:11.120380
LON-0000159,FIN-000768,23545.49,USD,11.01,12,emergency,completed,2024-10-20T16:19:00,2025-10-15,2024-10-20T16:19:00,2026-06-29T14:46:11.120674
LON-0000160,FIN-000769,34190.76,USD,19.86,24,vehicle,defaulted,2025-02-10T20:49:45,2027-01-31,2025-02-10T20:49:45,2026-06-29T14:46:11.120739
LON-0000161,FIN-000770,13625.67,USD,10.65,6,working_capital,completed,2025-10-14T12:44:18,2026-04-12,2025-10-14T12:44:18,2026-06-29T14:46:11.120803
LON-0000162,FIN-000775,6955.82,USD,14.83,6,working_capital,completed,2023-12-31T20:02:28,2024-06-28,2023-12-31T20:02:28,2026-06-29T14:46:11.120947
LON-0000163,FIN-000776,17916.67,USD,16.29,3,education,defaulted,2026-06-23T23:23:21,2026-09-21,2026-06-23T23:23:21,2026-06-29T14:46:11.121012
LON-0000164,FIN-000782,30301.6,USD,21.08,3,working_capital,active,2025-01-22T12:22:42,2025-04-22,2025-01-22T12:22:42,2026-06-29T14:46:11.121188
LON-0000165,FIN-000787,9749.12,USD,18.81,6,education,active,2026-02-28T04:52:24,2026-08-27,2026-02-28T04:52:24,2026-06-29T14:46:11.121332
LON-0000166,FIN-000788,38977.4,USD,22.85,6,emergency,completed,2026-06-20T22:49:57,2026-12-17,2026-06-20T22:49:57,2026-06-29T14:46:11.121396
LON-0000167,FIN-000791,21863.21,USD,10.39,24,vehicle,completed,2025-10-31T17:09:21,2027-10-21,2025-10-31T17:09:21,2026-06-29T14:46:11.121489
LON-0000168,FIN-000794,28024.86,USD,15.79,36,business_expansion,completed,2025-05-16T19:33:22,2028-04-30,2025-05-16T19:33:22,2026-06-29T14:46:11.121582
LON-0000169,FIN-000795,28667.99,USD,8.18,6,business_expansion,completed,2025-06-04T20:18:19,2025-12-01,2025-06-04T20:18:19,2026-06-29T14:46:11.121646
LON-0000170,FIN-000796,38764.64,USD,13.86,6,equipment_purchase,completed,2026-06-20T06:48:53,2026-12-17,2026-06-20T06:48:53,2026-06-29T14:46:11.121709
LON-0000171,FIN-000797,28777.19,USD,20.34,3,personal,active,2023-12-23T13:04:00,2024-03-22,2023-12-23T13:04:00,2026-06-29T14:46:11.121773
LON-0000172,FIN-000800,47352.69,USD,22.91,36,home_improvement,active,2025-07-13T10:20:34,2028-06-27,2025-07-13T10:20:34,2026-06-29T14:46:11.121839
LON-0000173,FIN-000802,11324.73,USD,22.41,36,business_expansion,defaulted,2026-03-11T17:33:12,2029-02-23,2026-03-11T17:33:12,2026-06-29T14:46:11.121930
LON-0000174,FIN-000805,2479.25,USD,10.03,24,business_expansion,active,2025-09-20T15:44:06,2027-09-10,2025-09-20T15:44:06,2026-06-29T14:46:11.122024
LON-0000175,FIN-000811,14958.89,USD,9.33,24,home_improvement,active,2025-01-16T06:34:08,2027-01-06,2025-01-16T06:34:08,2026-06-29T14:46:11.122169
LON-0000176,FIN-000814,22539.81,USD,8.48,12,personal,completed,2025-01-11T07:03:05,2026-01-06,2025-01-11T07:03:05,2026-06-29T14:46:11.122288
LON-0000177,FIN-000815,4748.66,USD,23.61,6,emergency,overdue,2026-06-26T15:49:39,2026-12-23,2026-06-26T15:49:39,2026-06-29T14:46:11.122352
LON-0000178,FIN-000816,15149.47,USD,9.7,36,education,completed,2026-02-17T12:11:55,2029-02-01,2026-02-17T12:11:55,2026-06-29T14:46:11.122416
LON-0000179,FIN-000818,5796.88,USD,12.67,24,vehicle,completed,2024-07-12T15:43:14,2026-07-02,2024-07-12T15:43:14,2026-06-29T14:46:11.122487
LON-0000180,FIN-000825,10588.94,USD,16.05,12,working_capital,overdue,2026-03-01T13:28:04,2027-02-24,2026-03-01T13:28:04,2026-06-29T14:46:11.122659
LON-0000181,FIN-000827,37028.22,USD,11.29,24,home_improvement,active,2026-06-14T00:18:57,2028-06-03,2026-06-14T00:18:57,2026-06-29T14:46:11.122766
LON-0000182,FIN-000829,7578.23,USD,14.92,24,personal,completed,2026-01-21T18:30:50,2028-01-11,2026-01-21T18:30:50,2026-06-29T14:46:11.122866
LON-0000183,FIN-000830,40938.19,USD,15.99,36,business_expansion,completed,2025-07-27T10:28:07,2028-07-11,2025-07-27T10:28:07,2026-06-29T14:46:11.122929
LON-0000184,FIN-000832,40078.83,USD,14.53,3,education,overdue,2026-06-06T21:50:38,2026-09-04,2026-06-06T21:50:38,2026-06-29T14:46:11.123020
LON-0000185,FIN-000834,21596.28,USD,15.24,6,education,completed,2025-12-11T03:58:12,2026-06-09,2025-12-11T03:58:12,2026-06-29T14:46:11.123111
LON-0000186,FIN-000837,15363.59,USD,12.19,3,vehicle,completed,2025-11-17T09:49:30,2026-02-15,2025-11-17T09:49:30,2026-06-29T14:46:11.123203
LON-0000187,FIN-000845,17544.58,USD,9.99,12,personal,completed,2026-04-26T21:31:55,2027-04-21,2026-04-26T21:31:55,2026-06-29T14:46:11.123417
LON-0000188,FIN-000846,29466.38,USD,14.8,36,equipment_purchase,completed,2026-03-25T16:27:54,2029-03-09,2026-03-25T16:27:54,2026-06-29T14:46:11.123486
LON-0000189,FIN-000848,13922.02,USD,20.73,12,vehicle,defaulted,2026-06-06T10:29:32,2027-06-01,2026-06-06T10:29:32,2026-06-29T14:46:11.123580
LON-0000190,FIN-000855,43800.65,USD,10.96,3,working_capital,completed,2026-06-25T07:08:03,2026-09-23,2026-06-25T07:08:03,2026-06-29T14:46:11.123762
LON-0000191,FIN-000863,7385.31,USD,22.91,36,emergency,active,2025-08-11T11:47:44,2028-07-26,2025-08-11T11:47:44,2026-06-29T14:46:11.124051
LON-0000192,FIN-000870,15627.12,USD,10.92,3,home_improvement,defaulted,2025-07-22T15:09:17,2025-10-20,2025-07-22T15:09:17,2026-06-29T14:46:11.124199
LON-0000193,FIN-000874,23828.6,USD,11.36,3,emergency,active,2025-05-29T14:11:57,2025-08-27,2025-05-29T14:11:57,2026-06-29T14:46:11.124322
LON-0000194,FIN-000879,14076.28,USD,14.33,12,personal,defaulted,2025-10-25T16:01:07,2026-10-20,2025-10-25T16:01:07,2026-06-29T14:46:11.124519
LON-0000195,FIN-000881,19997.66,USD,16.22,6,equipment_purchase,completed,2026-06-09T16:56:02,2026-12-06,2026-06-09T16:56:02,2026-06-29T14:46:11.124613
LON-0000196,FIN-000883,23881.38,USD,9.73,6,business_expansion,completed,2025-04-24T18:41:11,2025-10-21,2025-04-24T18:41:11,2026-06-29T14:46:11.124772
LON-0000197,FIN-000886,23109.01,USD,17.02,24,equipment_purchase,active,2025-11-18T04:39:18,2027-11-08,2025-11-18T04:39:18,2026-06-29T14:46:11.125355
LON-0000198,FIN-000889,36214.04,USD,21.78,36,business_expansion,active,2024-07-23T06:27:50,2027-07-08,2024-07-23T06:27:50,2026-06-29T14:46:11.125773
LON-0000199,FIN-000893,16077.65,USD,13.67,6,personal,defaulted,2026-03-09T13:54:39,2026-09-05,2026-03-09T13:54:39,2026-06-29T14:46:11.125999
LON-0000200,FIN-000894,46001.6,USD,23.7,3,personal,overdue,2025-03-16T10:33:50,2025-06-14,2025-03-16T10:33:50,2026-06-29T14:46:11.126113
LON-0000201,FIN-000897,30175.98,USD,9.99,36,equipment_purchase,completed,2024-05-18T02:34:54,2027-05-03,2024-05-18T02:34:54,2026-06-29T14:46:11.126264
LON-0000202,FIN-000898,36247.22,USD,15.11,36,emergency,active,2026-06-01T01:17:03,2029-05-16,2026-06-01T01:17:03,2026-06-29T14:46:11.126374
LON-0000203,FIN-000899,41560.32,USD,21.49,6,emergency,completed,2026-05-12T19:03:16,2026-11-08,2026-05-12T19:03:16,2026-06-29T14:46:11.126479
LON-0000204,FIN-000900,23229.68,USD,19.15,12,vehicle,completed,2024-12-09T22:44:36,2025-12-04,2024-12-09T22:44:36,2026-06-29T14:46:11.126583
LON-0000205,FIN-000902,47063.72,USD,13.2,6,personal,completed,2026-05-15T21:18:47,2026-11-11,2026-05-15T21:18:47,2026-06-29T14:46:11.126740
LON-0000206,FIN-000913,18644.93,USD,8.66,24,personal,completed,2026-04-09T21:36:44,2028-03-29,2026-04-09T21:36:44,2026-06-29T14:46:11.127117
LON-0000207,FIN-000928,37923.04,USD,20.25,36,business_expansion,active,2025-09-27T05:16:37,2028-09-11,2025-09-27T05:16:37,2026-06-29T14:46:11.127668
LON-0000208,FIN-000930,32765.11,USD,19.25,36,vehicle,active,2024-07-21T15:22:33,2027-07-06,2024-07-21T15:22:33,2026-06-29T14:46:11.127783
LON-0000209,FIN-000931,23396.27,USD,22.09,12,business_expansion,completed,2026-05-03T10:29:44,2027-04-28,2026-05-03T10:29:44,2026-06-29T14:46:11.127886
LON-0000210,FIN-000933,17469.41,USD,14.64,36,business_expansion,active,2024-08-18T17:18:37,2027-08-03,2024-08-18T17:18:37,2026-06-29T14:46:11.128055
LON-0000211,FIN-000941,34983.34,USD,12.04,12,working_capital,active,2026-04-03T00:29:42,2027-03-29,2026-04-03T00:29:42,2026-06-29T14:46:11.128421
LON-0000212,FIN-000950,36499.21,USD,8.71,3,equipment_purchase,completed,2025-12-21T02:31:44,2026-03-21,2025-12-21T02:31:44,2026-06-29T14:46:11.128737
LON-0000213,FIN-000953,15782.54,USD,11.97,24,personal,completed,2024-07-21T03:41:58,2026-07-11,2024-07-21T03:41:58,2026-06-29T14:46:11.128877
LON-0000214,FIN-000955,32910.11,USD,20.42,3,working_capital,completed,2025-12-07T14:11:28,2026-03-07,2025-12-07T14:11:28,2026-06-29T14:46:11.128997
LON-0000215,FIN-000958,20850.54,USD,19.93,12,home_improvement,active,2025-12-07T06:39:08,2026-12-02,2025-12-07T06:39:08,2026-06-29T14:46:11.129167
LON-0000216,FIN-000968,25785.48,USD,19.9,3,education,defaulted,2025-12-17T11:13:04,2026-03-17,2025-12-17T11:13:04,2026-06-29T14:46:11.129499
LON-0000217,FIN-000969,5434.92,USD,13.01,3,equipment_purchase,defaulted,2025-07-10T11:12:10,2025-10-08,2025-07-10T11:12:10,2026-06-29T14:46:11.129597
LON-0000218,FIN-000973,9017.03,USD,10.7,36,business_expansion,active,2026-06-24T19:52:31,2029-06-08,2026-06-24T19:52:31,2026-06-29T14:46:11.129747
LON-0000219,FIN-000989,23260.27,USD,14.85,24,education,active,2025-04-20T10:08:59,2027-04-10,2025-04-20T10:08:59,2026-06-29T14:46:11.130153
LON-0000220,FIN-000992,14037.28,USD,21.5,24,working_capital,active,2026-04-12T22:22:02,2028-04-01,2026-04-12T22:22:02,2026-06-29T14:46:11.130252
LON-0000221,FIN-000995,19742.61,USD,16.81,12,home_improvement,active,2025-11-13T14:32:20,2026-11-08,2025-11-13T14:32:20,2026-06-29T14:46:11.130355
LON-0000222,FIN-000998,28831.53,USD,15.23,3,vehicle,defaulted,2026-04-12T08:25:01,2026-07-11,2026-04-12T08:25:01,2026-06-29T14:46:11.130453
LON-0000223,FIN-001000,10962.61,USD,15.27,36,emergency,completed,2026-02-20T18:26:16,2029-02-04,2026-02-20T18:26:16,2026-06-29T14:46:11.130546
LON-0000224,FIN-001002,23928.8,USD,22.8,6,vehicle,defaulted,2024-08-26T20:06:13,2025-02-22,2024-08-26T20:06:13,2026-06-29T14:46:11.130639
LON-0000225,FIN-001003,3217.3,USD,14.76,36,vehicle,completed,2023-09-06T13:22:01,2026-08-21,2023-09-06T13:22:01,2026-06-29T14:46:11.130703
LON-0000226,FIN-001004,44337.55,USD,20.61,24,vehicle,completed,2025-05-10T13:05:55,2027-04-30,2025-05-10T13:05:55,2026-06-29T14:46:11.130768
LON-0000227,FIN-001015,14288.28,USD,9.5,36,personal,overdue,2026-01-04T17:43:27,2028-12-19,2026-01-04T17:43:27,2026-06-29T14:46:11.131025
LON-0000228,FIN-001019,35310.38,USD,21.04,6,working_capital,defaulted,2025-11-08T06:07:27,2026-05-07,2025-11-08T06:07:27,2026-06-29T14:46:11.131145
LON-0000229,FIN-001020,40844.53,USD,11.37,12,vehicle,active,2025-09-12T04:08:02,2026-09-07,2025-09-12T04:08:02,2026-06-29T14:46:11.131211
LON-0000230,FIN-001022,24277.3,USD,15.85,36,education,overdue,2026-05-16T00:10:57,2029-04-30,2026-05-16T00:10:57,2026-06-29T14:46:11.131274
LON-0000231,FIN-001026,6117.49,USD,9.4,3,business_expansion,active,2026-03-30T16:06:09,2026-06-28,2026-03-30T16:06:09,2026-06-29T14:46:11.131392
LON-0000232,FIN-001032,13434.84,USD,8.69,6,emergency,active,2026-02-21T01:23:54,2026-08-20,2026-02-21T01:23:54,2026-06-29T14:46:11.131516
LON-0000233,FIN-001034,24999.64,USD,23.07,6,emergency,defaulted,2025-06-09T10:31:59,2025-12-06,2025-06-09T10:31:59,2026-06-29T14:46:11.131609
LON-0000234,FIN-001039,18567.17,USD,22.07,24,emergency,completed,2024-10-19T18:06:49,2026-10-09,2024-10-19T18:06:49,2026-06-29T14:46:11.131730
LON-0000235,FIN-001040,32091.15,USD,10.0,12,working_capital,completed,2025-03-06T23:06:31,2026-03-01,2025-03-06T23:06:31,2026-06-29T14:46:11.131820
LON-0000236,FIN-001047,45507.8,USD,14.69,36,working_capital,completed,2026-06-11T14:31:37,2029-05-26,2026-06-11T14:31:37,2026-06-29T14:46:11.131972
LON-0000237,FIN-001052,24793.1,USD,22.04,36,working_capital,completed,2025-02-27T00:39:25,2028-02-12,2025-02-27T00:39:25,2026-06-29T14:46:11.132066
LON-0000238,FIN-001061,22042.45,USD,18.01,24,home_improvement,overdue,2026-05-31T20:46:28,2028-05-20,2026-05-31T20:46:28,2026-06-29T14:46:11.132275
LON-0000239,FIN-001079,20708.58,USD,15.14,6,personal,completed,2026-05-11T04:17:18,2026-11-07,2026-05-11T04:17:18,2026-06-29T14:46:11.132765
LON-0000240,FIN-001085,17508.23,USD,23.87,12,personal,active,2026-02-24T09:31:36,2027-02-19,2026-02-24T09:31:36,2026-06-29T14:46:11.132995
LON-0000241,FIN-001089,4276.34,USD,11.57,12,education,completed,2024-10-03T12:21:19,2025-09-28,2024-10-03T12:21:19,2026-06-29T14:46:11.133193
LON-0000242,FIN-001090,29047.79,USD,23.0,24,working_capital,active,2026-04-24T08:31:05,2028-04-13,2026-04-24T08:31:05,2026-06-29T14:46:11.133293
LON-0000243,FIN-001105,34800.75,USD,21.14,36,vehicle,active,2025-09-07T12:12:33,2028-08-22,2025-09-07T12:12:33,2026-06-29T14:46:11.133762
LON-0000244,FIN-001115,4719.33,USD,18.46,12,business_expansion,overdue,2026-06-29T11:45:36,2027-06-24,2026-06-29T11:45:36,2026-06-29T14:46:11.134078
LON-0000245,FIN-001116,24216.43,USD,13.46,24,equipment_purchase,active,2026-03-09T07:20:17,2028-02-27,2026-03-09T07:20:17,2026-06-29T14:46:11.134179
LON-0000246,FIN-001117,43959.84,USD,10.2,36,business_expansion,active,2026-06-21T05:59:26,2029-06-05,2026-06-21T05:59:26,2026-06-29T14:46:11.134279
LON-0000247,FIN-001127,24156.19,USD,17.21,6,business_expansion,completed,2025-07-12T09:21:24,2026-01-08,2025-07-12T09:21:24,2026-06-29T14:46:11.134653
LON-0000248,FIN-001131,24890.3,USD,20.27,24,home_improvement,completed,2024-10-26T15:38:29,2026-10-16,2024-10-26T15:38:29,2026-06-29T14:46:11.134845
LON-0000249,FIN-001134,3531.02,USD,11.89,3,business_expansion,active,2025-09-20T21:25:22,2025-12-19,2025-09-20T21:25:22,2026-06-29T14:46:11.135041
LON-0000250,FIN-001137,25533.49,USD,15.2,6,equipment_purchase,completed,2026-04-12T01:19:51,2026-10-09,2026-04-12T01:19:51,2026-06-29T14:46:11.135227
LON-0000251,FIN-001145,5771.92,USD,22.45,12,personal,completed,2026-06-18T07:26:33,2027-06-13,2026-06-18T07:26:33,2026-06-29T14:46:11.135520
LON-0000252,FIN-001146,34112.3,USD,12.03,3,emergency,active,2026-04-27T07:35:32,2026-07-26,2026-04-27T07:35:32,2026-06-29T14:46:11.135620
LON-0000253,FIN-001147,41850.43,USD,9.42,6,business_expansion,active,2026-01-19T19:50:06,2026-07-18,2026-01-19T19:50:06,2026-06-29T14:46:11.135717
LON-0000254,FIN-001148,47881.15,USD,11.48,6,personal,completed,2025-10-12T23:11:04,2026-04-10,2025-10-12T23:11:04,2026-06-29T14:46:11.135829
LON-0000255,FIN-001152,44887.76,USD,14.37,36,equipment_purchase,completed,2026-06-28T04:10:12,2029-06-12,2026-06-28T04:10:12,2026-06-29T14:46:11.136055
LON-0000256,FIN-001155,3470.91,USD,11.09,3,business_expansion,completed,2026-06-24T14:26:52,2026-09-22,2026-06-24T14:26:52,2026-06-29T14:46:11.136154
LON-0000257,FIN-001156,42153.83,USD,21.3,6,emergency,active,2026-05-11T00:43:50,2026-11-07,2026-05-11T00:43:50,2026-06-29T14:46:11.136252
LON-0000258,FIN-001160,40268.22,USD,9.11,36,working_capital,completed,2026-04-02T20:21:08,2029-03-17,2026-04-02T20:21:08,2026-06-29T14:46:11.136472
LON-0000259,FIN-001161,10378.16,USD,20.68,3,vehicle,active,2025-01-03T03:39:28,2025-04-03,2025-01-03T03:39:28,2026-06-29T14:46:11.136570
LON-0000260,FIN-001162,42331.98,USD,15.3,36,business_expansion,active,2026-05-14T22:55:07,2029-04-28,2026-05-14T22:55:07,2026-06-29T14:46:11.136667
LON-0000261,FIN-001163,5173.04,USD,12.16,36,emergency,completed,2026-04-20T17:09:46,2029-04-04,2026-04-20T17:09:46,2026-06-29T14:46:11.136766
LON-0000262,FIN-001164,33203.02,USD,20.31,6,equipment_purchase,active,2026-02-28T16:46:01,2026-08-27,2026-02-28T16:46:01,2026-06-29T14:46:11.136863
LON-0000263,FIN-001171,47883.5,USD,18.58,6,personal,completed,2026-02-18T00:10:13,2026-08-17,2026-02-18T00:10:13,2026-06-29T14:46:11.137044
LON-0000264,FIN-001182,33010.93,USD,17.12,12,working_capital,completed,2025-09-18T12:56:15,2026-09-13,2025-09-18T12:56:15,2026-06-29T14:46:11.137387
LON-0000265,FIN-001187,44511.13,USD,16.1,24,business_expansion,completed,2026-05-19T18:32:55,2028-05-08,2026-05-19T18:32:55,2026-06-29T14:46:11.137576
LON-0000266,FIN-001194,3473.37,USD,22.08,6,education,completed,2026-06-21T13:20:37,2026-12-18,2026-06-21T13:20:37,2026-06-29T14:46:11.137807
LON-0000267,FIN-001198,46919.89,USD,8.95,6,equipment_purchase,defaulted,2026-06-26T19:10:19,2026-12-23,2026-06-26T19:10:19,2026-06-29T14:46:11.138031
LON-0000268,FIN-001203,40849.69,USD,8.83,6,education,active,2025-03-24T17:07:22,2025-09-20,2025-03-24T17:07:22,2026-06-29T14:46:11.138287
LON-0000269,FIN-001210,26753.85,USD,14.7,24,equipment_purchase,active,2025-06-24T21:25:04,2027-06-14,2025-06-24T21:25:04,2026-06-29T14:46:11.138545
LON-0000270,FIN-001213,7371.73,USD,12.17,3,business_expansion,completed,2024-03-28T14:37:40,2024-06-26,2024-03-28T14:37:40,2026-06-29T14:46:11.138727
LON-0000271,FIN-001214,4394.28,USD,11.35,3,emergency,completed,2025-05-06T11:44:40,2025-08-04,2025-05-06T11:44:40,2026-06-29T14:46:11.138824
LON-0000272,FIN-001222,48955.56,USD,17.87,12,personal,active,2026-03-05T20:30:06,2027-02-28,2026-03-05T20:30:06,2026-06-29T14:46:11.139114
LON-0000273,FIN-001223,6535.97,USD,13.79,6,business_expansion,overdue,2026-01-02T19:46:05,2026-07-01,2026-01-02T19:46:05,2026-06-29T14:46:11.139213
LON-0000274,FIN-001227,19785.2,USD,12.89,6,vehicle,active,2025-07-19T06:46:11,2026-01-15,2025-07-19T06:46:11,2026-06-29T14:46:11.139395
LON-0000275,FIN-001229,2552.39,USD,19.05,6,business_expansion,overdue,2026-04-27T03:09:26,2026-10-24,2026-04-27T03:09:26,2026-06-29T14:46:11.139537
LON-0000276,FIN-001231,17664.63,USD,17.89,12,education,active,2025-05-30T10:58:15,2026-05-25,2025-05-30T10:58:15,2026-06-29T14:46:11.139683
LON-0000277,FIN-001232,24436.43,USD,20.75,12,home_improvement,completed,2026-01-12T09:45:15,2027-01-07,2026-01-12T09:45:15,2026-06-29T14:46:11.139780
LON-0000278,FIN-001247,40838.72,USD,19.98,24,education,active,2024-03-22T21:53:13,2026-03-12,2024-03-22T21:53:13,2026-06-29T14:46:11.141643
LON-0000279,FIN-001250,11295.22,USD,16.83,36,working_capital,completed,2026-05-20T06:00:44,2029-05-04,2026-05-20T06:00:44,2026-06-29T14:46:11.141888
LON-0000280,FIN-001251,47277.82,USD,16.46,3,working_capital,completed,2026-05-10T00:05:14,2026-08-08,2026-05-10T00:05:14,2026-06-29T14:46:11.142023
LON-0000281,FIN-001252,48289.47,USD,20.62,12,business_expansion,overdue,2026-04-11T21:41:16,2027-04-06,2026-04-11T21:41:16,2026-06-29T14:46:11.142142
LON-0000282,FIN-001256,28840.83,USD,8.55,36,working_capital,active,2026-06-17T06:42:50,2029-06-01,2026-06-17T06:42:50,2026-06-29T14:46:11.142374
LON-0000283,FIN-001258,15219.17,USD,11.7,6,vehicle,active,2025-09-21T06:10:39,2026-03-20,2025-09-21T06:10:39,2026-06-29T14:46:11.142515
LON-0000284,FIN-001260,27790.85,USD,13.4,36,vehicle,overdue,2024-03-10T21:07:37,2027-02-23,2024-03-10T21:07:37,2026-06-29T14:46:11.142653
LON-0000285,FIN-001263,15325.23,USD,19.96,24,vehicle,completed,2026-06-14T23:09:49,2028-06-03,2026-06-14T23:09:49,2026-06-29T14:46:11.142847
LON-0000286,FIN-001271,13412.88,USD,14.43,36,vehicle,completed,2026-05-13T09:43:53,2029-04-27,2026-05-13T09:43:53,2026-06-29T14:46:11.143200
LON-0000287,FIN-001272,20716.75,USD,10.62,6,home_improvement,active,2026-06-26T01:11:35,2026-12-23,2026-06-26T01:11:35,2026-06-29T14:46:11.143324
LON-0000288,FIN-001277,17466.79,USD,9.65,3,emergency,completed,2024-11-09T07:10:55,2025-02-07,2024-11-09T07:10:55,2026-06-29T14:46:11.143606
LON-0000289,FIN-001278,8592.79,USD,13.62,12,emergency,completed,2024-08-15T09:56:22,2025-08-10,2024-08-15T09:56:22,2026-06-29T14:46:11.143704
LON-0000290,FIN-001283,44672.08,USD,15.05,3,education,active,2025-10-08T22:47:14,2026-01-06,2025-10-08T22:47:14,2026-06-29T14:46:11.143868
LON-0000291,FIN-001289,36379.24,USD,17.88,36,working_capital,completed,2026-05-10T00:14:33,2029-04-24,2026-05-10T00:14:33,2026-06-29T14:46:11.144046
LON-0000292,FIN-001293,22537.12,USD,14.7,3,emergency,active,2025-04-06T04:31:31,2025-07-05,2025-04-06T04:31:31,2026-06-29T14:46:11.144163
LON-0000293,FIN-001294,17803.74,USD,16.3,12,education,active,2026-02-16T17:10:26,2027-02-11,2026-02-16T17:10:26,2026-06-29T14:46:11.144237
LON-0000294,FIN-001300,4654.67,USD,11.12,3,emergency,active,2025-04-06T10:36:23,2025-07-05,2025-04-06T10:36:23,2026-06-29T14:46:11.144452
LON-0000295,FIN-001323,19998.28,USD,20.64,12,working_capital,completed,2025-03-16T00:17:02,2026-03-11,2025-03-16T00:17:02,2026-06-29T14:46:11.145004
LON-0000296,FIN-001339,14019.2,USD,10.6,6,personal,defaulted,2026-04-29T09:36:35,2026-10-26,2026-04-29T09:36:35,2026-06-29T14:46:11.145278
LON-0000297,FIN-001348,31428.03,USD,11.29,6,business_expansion,active,2026-03-08T17:30:48,2026-09-04,2026-03-08T17:30:48,2026-06-29T14:46:11.145517
LON-0000298,FIN-001351,7672.81,USD,17.87,3,personal,completed,2026-06-28T12:57:07,2026-09-26,2026-06-28T12:57:07,2026-06-29T14:46:11.145635
LON-0000299,FIN-001353,2388.31,USD,16.21,6,emergency,active,2025-08-15T12:35:23,2026-02-11,2025-08-15T12:35:23,2026-06-29T14:46:11.145727
LON-0000300,FIN-001354,31528.93,USD,11.64,6,emergency,completed,2026-06-14T16:21:42,2026-12-11,2026-06-14T16:21:42,2026-06-29T14:46:11.145792
LON-0000301,FIN-001363,20086.71,USD,21.27,36,equipment_purchase,completed,2024-09-18T17:56:58,2027-09-03,2024-09-18T17:56:58,2026-06-29T14:46:11.146025
LON-0000302,FIN-001375,5763.65,USD,15.59,12,vehicle,completed,2026-06-16T23:31:11,2027-06-11,2026-06-16T23:31:11,2026-06-29T14:46:11.146305
LON-0000303,FIN-001378,39235.92,USD,22.89,12,emergency,overdue,2026-05-16T06:42:52,2027-05-11,2026-05-16T06:42:52,2026-06-29T14:46:11.146400
LON-0000304,FIN-001382,48234.56,USD,10.31,6,personal,active,2026-06-28T17:27:06,2026-12-25,2026-06-28T17:27:06,2026-06-29T14:46:11.146544
LON-0000305,FIN-001384,40516.89,USD,16.64,12,vehicle,active,2025-01-10T04:38:13,2026-01-05,2025-01-10T04:38:13,2026-06-29T14:46:11.146639
LON-0000306,FIN-001385,32319.58,USD,14.35,6,equipment_purchase,completed,2025-11-09T15:40:19,2026-05-08,2025-11-09T15:40:19,2026-06-29T14:46:11.146702
LON-0000307,FIN-001388,28361.37,USD,10.15,3,vehicle,overdue,2024-05-27T14:54:56,2024-08-25,2024-05-27T14:54:56,2026-06-29T14:46:11.146767
LON-0000308,FIN-001389,13359.49,USD,22.41,36,working_capital,active,2025-03-12T01:43:15,2028-02-25,2025-03-12T01:43:15,2026-06-29T14:46:11.146832
LON-0000309,FIN-001394,22246.75,USD,22.94,36,working_capital,active,2024-02-18T07:12:43,2027-02-02,2024-02-18T07:12:43,2026-06-29T14:46:11.146999
LON-0000310,FIN-001397,44374.5,USD,21.02,24,equipment_purchase,completed,2025-07-30T13:55:59,2027-07-20,2025-07-30T13:55:59,2026-06-29T14:46:11.147066
LON-0000311,FIN-001403,14988.96,USD,21.39,36,emergency,completed,2026-03-27T11:48:40,2029-03-11,2026-03-27T11:48:40,2026-06-29T14:46:11.147230
LON-0000312,FIN-001404,46253.36,USD,21.31,24,personal,active,2024-10-07T15:39:15,2026-09-27,2024-10-07T15:39:15,2026-06-29T14:46:11.147295
LON-0000313,FIN-001408,23223.54,USD,18.72,6,vehicle,completed,2026-06-22T08:32:33,2026-12-19,2026-06-22T08:32:33,2026-06-29T14:46:11.147445
LON-0000314,FIN-001409,31866.68,USD,19.44,36,personal,active,2026-03-10T00:00:43,2029-02-22,2026-03-10T00:00:43,2026-06-29T14:46:11.147511
LON-0000315,FIN-001414,29376.12,USD,23.04,12,education,active,2026-04-14T21:24:42,2027-04-09,2026-04-14T21:24:42,2026-06-29T14:46:11.147630
LON-0000316,FIN-001431,34202.71,USD,10.08,3,vehicle,active,2026-06-04T20:25:43,2026-09-02,2026-06-04T20:25:43,2026-06-29T14:46:11.147933
LON-0000317,FIN-001437,10223.59,USD,10.97,24,personal,completed,2026-05-20T17:16:01,2028-05-09,2026-05-20T17:16:01,2026-06-29T14:46:11.148099
LON-0000318,FIN-001439,18082.19,USD,20.91,12,personal,completed,2025-10-08T11:08:19,2026-10-03,2025-10-08T11:08:19,2026-06-29T14:46:11.148162
LON-0000319,FIN-001444,16022.72,USD,19.04,6,home_improvement,completed,2026-02-25T16:46:10,2026-08-24,2026-02-25T16:46:10,2026-06-29T14:46:11.148281
LON-0000320,FIN-001451,12872.12,USD,12.91,12,education,completed,2025-11-01T06:17:15,2026-10-27,2025-11-01T06:17:15,2026-06-29T14:46:11.148455
LON-0000321,FIN-001453,30753.09,USD,19.22,12,emergency,completed,2026-04-22T17:55:26,2027-04-17,2026-04-22T17:55:26,2026-06-29T14:46:11.148548
LON-0000322,FIN-001459,19327.97,USD,23.94,3,emergency,completed,2026-05-18T22:43:05,2026-08-16,2026-05-18T22:43:05,2026-06-29T14:46:11.148732
LON-0000323,FIN-001462,828.6,USD,16.12,36,business_expansion,completed,2025-04-04T18:11:28,2028-03-19,2025-04-04T18:11:28,2026-06-29T14:46:11.148848
LON-0000324,FIN-001463,23798.35,USD,21.63,3,personal,completed,2026-03-05T07:49:28,2026-06-03,2026-03-05T07:49:28,2026-06-29T14:46:11.148911
LON-0000325,FIN-001464,30807.01,USD,12.27,12,education,completed,2026-01-19T15:48:01,2027-01-14,2026-01-19T15:48:01,2026-06-29T14:46:11.148975
LON-0000326,FIN-001467,10504.43,USD,13.15,36,home_improvement,active,2026-03-08T11:27:24,2029-02-20,2026-03-08T11:27:24,2026-06-29T14:46:11.149069
LON-0000327,FIN-001470,7017.53,USD,20.79,12,equipment_purchase,overdue,2026-06-29T13:36:45,2027-06-24,2026-06-29T13:36:45,2026-06-29T14:46:11.149171
LON-0000328,FIN-001472,43286.04,USD,23.98,12,personal,completed,2025-08-22T11:03:17,2026-08-17,2025-08-22T11:03:17,2026-06-29T14:46:11.149264
LON-0000329,FIN-001475,35955.11,USD,18.24,24,equipment_purchase,completed,2025-12-06T07:27:46,2027-11-26,2025-12-06T07:27:46,2026-06-29T14:46:11.149381
LON-0000330,FIN-001492,42087.78,USD,21.27,6,emergency,active,2026-06-19T08:06:57,2026-12-16,2026-06-19T08:06:57,2026-06-29T14:46:11.149730
LON-0000331,FIN-001496,35253.53,USD,10.36,6,personal,completed,2025-10-02T04:28:13,2026-03-31,2025-10-02T04:28:13,2026-06-29T14:46:11.149848
LON-0000332,FIN-001498,22227.6,USD,9.45,3,emergency,active,2025-06-22T15:30:32,2025-09-20,2025-06-22T15:30:32,2026-06-29T14:46:11.149912
LON-0000333,FIN-001499,22802.77,USD,15.56,3,personal,active,2026-01-30T11:32:10,2026-04-30,2026-01-30T11:32:10,2026-06-29T14:46:11.149977
LON-0000334,FIN-001500,7513.84,USD,20.9,12,personal,completed,2026-05-24T12:20:57,2027-05-19,2026-05-24T12:20:57,2026-06-29T14:46:11.150040
LON-0000335,FIN-001501,2127.69,USD,19.49,3,education,completed,2026-01-02T01:35:38,2026-04-02,2026-01-02T01:35:38,2026-06-29T14:46:11.150104
LON-0000336,FIN-001503,13765.15,USD,16.17,24,education,completed,2026-05-06T09:17:01,2028-04-25,2026-05-06T09:17:01,2026-06-29T14:46:11.150197
LON-0000337,FIN-001505,48528.58,USD,13.01,3,personal,completed,2026-05-10T14:48:34,2026-08-08,2026-05-10T14:48:34,2026-06-29T14:46:11.150261
LON-0000338,FIN-001507,18532.42,USD,14.26,12,vehicle,overdue,2024-12-08T04:30:31,2025-12-03,2024-12-08T04:30:31,2026-06-29T14:46:11.150352
LON-0000339,FIN-001508,8071.61,USD,13.73,3,education,completed,2026-06-15T07:05:29,2026-09-13,2026-06-15T07:05:29,2026-06-29T14:46:11.150418
LON-0000340,FIN-001509,36735.59,USD,18.74,24,working_capital,active,2025-09-23T10:56:05,2027-09-13,2025-09-23T10:56:05,2026-06-29T14:46:11.150485
LON-0000341,FIN-001510,10039.81,USD,13.32,3,personal,active,2026-02-22T00:30:45,2026-05-23,2026-02-22T00:30:45,2026-06-29T14:46:11.150549
LON-0000342,FIN-001519,26628.22,USD,18.33,6,personal,active,2024-10-25T04:22:52,2025-04-23,2024-10-25T04:22:52,2026-06-29T14:46:11.150738
LON-0000343,FIN-001536,28936.75,USD,21.94,12,personal,active,2024-11-12T20:49:31,2025-11-07,2024-11-12T20:49:31,2026-06-29T14:46:11.150995
LON-0000344,FIN-001541,11727.17,USD,17.18,3,education,active,2026-06-10T06:46:50,2026-09-08,2026-06-10T06:46:50,2026-06-29T14:46:11.151148
LON-0000345,FIN-001545,16680.74,USD,20.7,6,business_expansion,active,2025-09-05T15:44:04,2026-03-04,2025-09-05T15:44:04,2026-06-29T14:46:11.151290
LON-0000346,FIN-001550,13587.32,USD,12.83,24,education,active,2026-05-20T02:52:00,2028-05-09,2026-05-20T02:52:00,2026-06-29T14:46:11.151410
LON-0000347,FIN-001553,49887.96,USD,12.81,24,emergency,overdue,2026-03-20T03:36:00,2028-03-09,2026-03-20T03:36:00,2026-06-29T14:46:11.151527
LON-0000348,FIN-001560,19433.86,USD,16.92,3,education,completed,2026-06-02T04:18:28,2026-08-31,2026-06-02T04:18:28,2026-06-29T14:46:11.151646
LON-0000349,FIN-001565,35822.99,USD,18.47,3,business_expansion,completed,2026-03-19T05:54:56,2026-06-17,2026-03-19T05:54:56,2026-06-29T14:46:11.151788
LON-0000350,FIN-001569,37851.67,USD,22.5,24,equipment_purchase,active,2025-11-08T23:52:53,2027-10-29,2025-11-08T23:52:53,2026-06-29T14:46:11.151881
LON-0000351,FIN-001573,43746.47,USD,11.64,3,equipment_purchase,completed,2025-03-26T11:57:09,2025-06-24,2025-03-26T11:57:09,2026-06-29T14:46:11.151996
LON-0000352,FIN-001576,41281.47,USD,18.25,6,personal,completed,2025-08-23T00:58:59,2026-02-19,2025-08-23T00:58:59,2026-06-29T14:46:11.152115
LON-0000353,FIN-001579,36842.98,USD,15.99,24,vehicle,defaulted,2026-05-10T14:56:52,2028-04-29,2026-05-10T14:56:52,2026-06-29T14:46:11.152208
LON-0000354,FIN-001583,30657.26,USD,16.58,24,business_expansion,active,2025-01-16T18:58:23,2027-01-06,2025-01-16T18:58:23,2026-06-29T14:46:11.152304
LON-0000355,FIN-001584,49024.64,USD,14.05,24,business_expansion,active,2026-05-26T08:52:05,2028-05-15,2026-05-26T08:52:05,2026-06-29T14:46:11.152369
LON-0000356,FIN-001592,34839.28,USD,21.57,6,personal,active,2025-07-17T22:56:41,2026-01-13,2025-07-17T22:56:41,2026-06-29T14:46:11.152536
LON-0000357,FIN-001609,20145.07,USD,13.31,6,vehicle,active,2026-02-12T09:12:26,2026-08-11,2026-02-12T09:12:26,2026-06-29T14:46:11.152891
LON-0000358,FIN-001612,49833.44,USD,22.49,3,emergency,completed,2025-03-25T00:37:31,2025-06-23,2025-03-25T00:37:31,2026-06-29T14:46:11.152994
LON-0000359,FIN-001613,35709.22,USD,22.85,3,home_improvement,completed,2024-02-12T14:20:16,2024-05-12,2024-02-12T14:20:16,2026-06-29T14:46:11.153059
LON-0000360,FIN-001614,37897.8,USD,12.69,36,working_capital,completed,2025-01-05T08:36:25,2027-12-21,2025-01-05T08:36:25,2026-06-29T14:46:11.153139
LON-0000361,FIN-001619,45515.87,USD,13.12,12,home_improvement,active,2026-04-11T03:50:04,2027-04-06,2026-04-11T03:50:04,2026-06-29T14:46:11.153260
LON-0000362,FIN-001620,5120.41,USD,17.14,36,vehicle,completed,2024-07-02T18:50:41,2027-06-17,2024-07-02T18:50:41,2026-06-29T14:46:11.153332
LON-0000363,FIN-001621,7275.54,USD,8.36,6,equipment_purchase,active,2026-05-31T05:50:21,2026-11-27,2026-05-31T05:50:21,2026-06-29T14:46:11.153396
LON-0000364,FIN-001625,15501.32,USD,13.24,36,business_expansion,defaulted,2026-06-23T18:09:42,2029-06-07,2026-06-23T18:09:42,2026-06-29T14:46:11.153526
LON-0000365,FIN-001632,45758.24,USD,10.51,36,education,active,2025-12-08T09:48:19,2028-11-22,2025-12-08T09:48:19,2026-06-29T14:46:11.153740
LON-0000366,FIN-001637,37111.46,USD,20.86,12,home_improvement,active,2024-11-14T22:43:48,2025-11-09,2024-11-14T22:43:48,2026-06-29T14:46:11.153883
LON-0000367,FIN-001639,49597.01,USD,8.46,24,equipment_purchase,active,2026-05-21T14:29:11,2028-05-10,2026-05-21T14:29:11,2026-06-29T14:46:11.153977
LON-0000368,FIN-001646,19553.48,USD,22.03,12,personal,defaulted,2025-10-20T17:55:18,2026-10-15,2025-10-20T17:55:18,2026-06-29T14:46:11.154166
LON-0000369,FIN-001654,2331.18,USD,16.15,12,personal,active,2026-05-25T12:01:52,2027-05-20,2026-05-25T12:01:52,2026-06-29T14:46:11.154333
LON-0000370,FIN-001662,10118.9,USD,14.58,12,home_improvement,completed,2025-02-25T13:46:17,2026-02-20,2025-02-25T13:46:17,2026-06-29T14:46:11.154550
LON-0000371,FIN-001666,22645.71,USD,14.84,12,business_expansion,overdue,2026-03-27T03:02:26,2027-03-22,2026-03-27T03:02:26,2026-06-29T14:46:11.154675
LON-0000372,FIN-001668,36557.02,USD,18.03,3,emergency,overdue,2026-06-28T23:30:49,2026-09-26,2026-06-28T23:30:49,2026-06-29T14:46:11.154769
LON-0000373,FIN-001670,29959.72,USD,11.27,6,equipment_purchase,completed,2026-06-27T12:05:01,2026-12-24,2026-06-27T12:05:01,2026-06-29T14:46:11.154863
LON-0000374,FIN-001671,12484.2,USD,17.86,3,education,defaulted,2026-05-18T03:20:51,2026-08-16,2026-05-18T03:20:51,2026-06-29T14:46:11.154929
LON-0000375,FIN-001674,25806.11,USD,9.65,3,vehicle,completed,2024-03-12T19:35:42,2024-06-10,2024-03-12T19:35:42,2026-06-29T14:46:11.155050
LON-0000376,FIN-001682,1532.88,USD,18.28,24,emergency,completed,2025-04-17T19:28:58,2027-04-07,2025-04-17T19:28:58,2026-06-29T14:46:11.155253
LON-0000377,FIN-001688,7980.28,USD,15.78,6,business_expansion,completed,2024-11-26T00:49:31,2025-05-25,2024-11-26T00:49:31,2026-06-29T14:46:11.155429
LON-0000378,FIN-001689,20583.26,USD,16.24,36,working_capital,active,2024-08-02T00:28:27,2027-07-18,2024-08-02T00:28:27,2026-06-29T14:46:11.155494
LON-0000379,FIN-001705,19325.42,USD,22.67,36,equipment_purchase,active,2025-12-22T23:40:57,2028-12-06,2025-12-22T23:40:57,2026-06-29T14:46:11.155883
LON-0000380,FIN-001713,33415.51,USD,20.74,12,education,completed,2025-02-08T07:34:52,2026-02-03,2025-02-08T07:34:52,2026-06-29T14:46:11.156056
LON-0000381,FIN-001722,38393.84,USD,14.12,3,home_improvement,defaulted,2026-02-24T02:01:06,2026-05-25,2026-02-24T02:01:06,2026-06-29T14:46:11.156251
LON-0000382,FIN-001727,44017.71,USD,23.51,36,working_capital,completed,2024-10-08T13:36:24,2027-09-23,2024-10-08T13:36:24,2026-06-29T14:46:11.156384
LON-0000383,FIN-001731,5050.05,USD,19.59,6,vehicle,completed,2024-12-02T00:59:19,2025-05-31,2024-12-02T00:59:19,2026-06-29T14:46:11.156603
LON-0000384,FIN-001733,27914.68,USD,9.5,6,education,completed,2026-04-15T06:27:40,2026-10-12,2026-04-15T06:27:40,2026-06-29T14:46:11.156779
LON-0000385,FIN-001736,21100.45,USD,13.66,6,business_expansion,active,2024-12-22T00:11:06,2025-06-20,2024-12-22T00:11:06,2026-06-29T14:46:11.156874
LON-0000386,FIN-001755,45567.51,USD,18.77,6,working_capital,active,2025-05-20T11:54:54,2025-11-16,2025-05-20T11:54:54,2026-06-29T14:46:11.157241
LON-0000387,FIN-001759,47082.9,USD,19.11,36,personal,active,2026-04-30T21:52:46,2029-04-14,2026-04-30T21:52:46,2026-06-29T14:46:11.157336
LON-0000388,FIN-001760,27898.96,USD,13.25,36,equipment_purchase,overdue,2025-12-28T18:21:02,2028-12-12,2025-12-28T18:21:02,2026-06-29T14:46:11.157401
LON-0000389,FIN-001761,36884.26,USD,23.39,12,vehicle,overdue,2024-08-12T23:06:53,2025-08-07,2024-08-12T23:06:53,2026-06-29T14:46:11.157467
LON-0000390,FIN-001762,3898.84,USD,21.01,36,business_expansion,completed,2026-03-03T05:54:05,2029-02-15,2026-03-03T05:54:05,2026-06-29T14:46:11.157532
LON-0000391,FIN-001767,16495.01,USD,21.07,3,working_capital,completed,2025-04-08T09:32:21,2025-07-07,2025-04-08T09:32:21,2026-06-29T14:46:11.157638
LON-0000392,FIN-001771,45258.66,USD,17.51,6,education,completed,2026-01-25T03:53:18,2026-07-24,2026-01-25T03:53:18,2026-06-29T14:46:11.157765
LON-0000393,FIN-001773,14034.38,USD,16.46,24,personal,completed,2025-11-27T22:55:34,2027-11-17,2025-11-27T22:55:34,2026-06-29T14:46:11.157890
LON-0000394,FIN-001775,4016.03,USD,10.05,24,education,active,2026-02-01T00:33:36,2028-01-22,2026-02-01T00:33:36,2026-06-29T14:46:11.157988
LON-0000395,FIN-001776,11905.02,USD,11.48,24,personal,completed,2025-06-28T03:39:20,2027-06-18,2025-06-28T03:39:20,2026-06-29T14:46:11.158098
LON-0000396,FIN-001782,48187.83,USD,22.12,6,equipment_purchase,overdue,2025-11-27T12:38:57,2026-05-26,2025-11-27T12:38:57,2026-06-29T14:46:11.158360
LON-0000397,FIN-001783,36428.44,USD,19.0,12,vehicle,overdue,2026-04-06T14:46:55,2027-04-01,2026-04-06T14:46:55,2026-06-29T14:46:11.158454
LON-0000398,FIN-001784,28433.26,USD,16.33,24,emergency,completed,2025-10-12T08:17:57,2027-10-02,2025-10-12T08:17:57,2026-06-29T14:46:11.158555
LON-0000399,FIN-001791,33037.76,USD,20.4,12,working_capital,completed,2025-05-31T19:12:29,2026-05-26,2025-05-31T19:12:29,2026-06-29T14:46:11.158868
LON-0000400,FIN-001794,45935.53,USD,15.68,12,working_capital,active,2026-05-26T22:41:51,2027-05-21,2026-05-26T22:41:51,2026-06-29T14:46:11.159019
LON-0000401,FIN-001795,2816.06,USD,15.26,12,emergency,completed,2026-05-21T00:48:18,2027-05-16,2026-05-21T00:48:18,2026-06-29T14:46:11.159131
LON-0000402,FIN-001798,13989.15,USD,22.82,24,personal,active,2025-07-07T10:07:25,2027-06-27,2025-07-07T10:07:25,2026-06-29T14:46:11.159330
LON-0000403,FIN-001799,16451.82,USD,20.94,6,education,completed,2024-10-07T00:31:14,2025-04-05,2024-10-07T00:31:14,2026-06-29T14:46:11.159404
LON-0000404,FIN-001805,45245.4,USD,10.12,3,working_capital,completed,2026-03-09T15:23:47,2026-06-07,2026-03-09T15:23:47,2026-06-29T14:46:11.159583
LON-0000405,FIN-001807,44228.46,USD,11.17,12,business_expansion,active,2026-05-20T14:23:19,2027-05-15,2026-05-20T14:23:19,2026-06-29T14:46:11.159683
LON-0000406,FIN-001813,30132.61,USD,11.12,24,business_expansion,active,2024-01-04T21:19:32,2025-12-24,2024-01-04T21:19:32,2026-06-29T14:46:11.159881
LON-0000407,FIN-001814,42009.71,USD,15.01,6,business_expansion,completed,2025-11-11T08:50:42,2026-05-10,2025-11-11T08:50:42,2026-06-29T14:46:11.159949
LON-0000408,FIN-001817,28361.1,USD,19.5,12,personal,active,2025-12-10T05:15:32,2026-12-05,2025-12-10T05:15:32,2026-06-29T14:46:11.160047
LON-0000409,FIN-001823,43684.89,USD,17.44,3,education,defaulted,2026-02-03T06:58:58,2026-05-04,2026-02-03T06:58:58,2026-06-29T14:46:11.160196
LON-0000410,FIN-001825,43484.6,USD,10.31,6,emergency,active,2025-03-07T08:09:40,2025-09-03,2025-03-07T08:09:40,2026-06-29T14:46:11.160276
LON-0000411,FIN-001826,31182.19,USD,9.28,6,education,active,2026-03-16T17:22:36,2026-09-12,2026-03-16T17:22:36,2026-06-29T14:46:11.160354
LON-0000412,FIN-001833,23754.86,USD,18.42,24,emergency,completed,2024-12-03T00:35:20,2026-11-23,2024-12-03T00:35:20,2026-06-29T14:46:11.160560
LON-0000413,FIN-001840,33866.25,USD,9.79,36,vehicle,active,2025-11-25T21:52:51,2028-11-09,2025-11-25T21:52:51,2026-06-29T14:46:11.160737
LON-0000414,FIN-001842,41774.34,USD,15.93,36,personal,completed,2025-03-04T22:06:48,2028-02-17,2025-03-04T22:06:48,2026-06-29T14:46:11.160803
LON-0000415,FIN-001851,26321.93,USD,21.7,36,working_capital,completed,2026-02-06T15:35:21,2029-01-21,2026-02-06T15:35:21,2026-06-29T14:46:11.161040
LON-0000416,FIN-001853,7498.88,USD,8.39,36,business_expansion,defaulted,2026-05-22T07:21:46,2029-05-06,2026-05-22T07:21:46,2026-06-29T14:46:11.161142
LON-0000417,FIN-001854,34698.68,USD,9.43,6,education,completed,2024-05-17T05:04:12,2024-11-13,2024-05-17T05:04:12,2026-06-29T14:46:11.161209
LON-0000418,FIN-001860,30201.96,USD,14.39,36,working_capital,completed,2026-01-05T17:15:07,2028-12-20,2026-01-05T17:15:07,2026-06-29T14:46:11.161375
LON-0000419,FIN-001861,47302.23,USD,16.14,24,home_improvement,completed,2025-12-31T10:52:36,2027-12-21,2025-12-31T10:52:36,2026-06-29T14:46:11.161439
LON-0000420,FIN-001873,35358.5,USD,20.12,24,personal,completed,2025-12-01T03:04:51,2027-11-21,2025-12-01T03:04:51,2026-06-29T14:46:11.161738
LON-0000421,FIN-001874,13766.04,USD,20.35,12,working_capital,active,2026-03-29T22:57:16,2027-03-24,2026-03-29T22:57:16,2026-06-29T14:46:11.161802
LON-0000422,FIN-001876,14449.05,USD,13.69,3,home_improvement,overdue,2025-09-13T19:23:45,2025-12-12,2025-09-13T19:23:45,2026-06-29T14:46:11.161893
LON-0000423,FIN-001887,5517.27,USD,13.51,12,equipment_purchase,active,2026-04-15T07:43:48,2027-04-10,2026-04-15T07:43:48,2026-06-29T14:46:11.162127
LON-0000424,FIN-001892,32023.41,USD,22.0,3,equipment_purchase,active,2026-05-16T07:45:17,2026-08-14,2026-05-16T07:45:17,2026-06-29T14:46:11.162294
LON-0000425,FIN-001894,9069.41,USD,15.64,12,education,defaulted,2025-07-20T21:20:12,2026-07-15,2025-07-20T21:20:12,2026-06-29T14:46:11.162357
LON-0000426,FIN-001900,2225.59,USD,12.04,6,personal,completed,2025-04-09T17:11:08,2025-10-06,2025-04-09T17:11:08,2026-06-29T14:46:11.162473
LON-0000427,FIN-001907,7526.89,USD,13.82,3,education,active,2026-06-06T23:57:28,2026-09-04,2026-06-06T23:57:28,2026-06-29T14:46:11.162640
LON-0000428,FIN-001911,19491.04,USD,10.53,36,vehicle,defaulted,2026-06-29T13:46:49,2029-06-13,2026-06-29T13:46:49,2026-06-29T14:46:11.162781
LON-0000429,FIN-001912,8578.44,USD,14.29,3,working_capital,defaulted,2026-06-11T07:01:05,2026-09-09,2026-06-11T07:01:05,2026-06-29T14:46:11.162844
LON-0000430,FIN-001914,12347.56,USD,16.61,24,business_expansion,completed,2026-06-01T09:03:46,2028-05-21,2026-06-01T09:03:46,2026-06-29T14:46:11.162907
LON-0000431,FIN-001915,46902.82,USD,20.4,3,vehicle,overdue,2026-03-03T06:13:52,2026-06-01,2026-03-03T06:13:52,2026-06-29T14:46:11.162970
LON-0000432,FIN-001916,1704.67,USD,21.7,12,personal,completed,2026-06-27T01:05:39,2027-06-22,2026-06-27T01:05:39,2026-06-29T14:46:11.163034
LON-0000433,FIN-001919,2034.49,USD,23.41,6,vehicle,active,2025-08-01T19:29:37,2026-01-28,2025-08-01T19:29:37,2026-06-29T14:46:11.163160
LON-0000434,FIN-001920,1982.48,USD,20.33,6,vehicle,completed,2025-12-03T09:47:42,2026-06-01,2025-12-03T09:47:42,2026-06-29T14:46:11.163229
LON-0000435,FIN-001921,21552.15,USD,18.93,36,equipment_purchase,completed,2026-04-10T03:20:43,2029-03-25,2026-04-10T03:20:43,2026-06-29T14:46:11.163294
LON-0000436,FIN-001928,13086.39,USD,16.84,6,education,active,2025-12-11T15:54:09,2026-06-09,2025-12-11T15:54:09,2026-06-29T14:46:11.163460
LON-0000437,FIN-001929,32198.49,USD,8.77,36,vehicle,completed,2025-12-14T16:04:17,2028-11-28,2025-12-14T16:04:17,2026-06-29T14:46:11.163524
LON-0000438,FIN-001934,33838.94,USD,15.15,24,business_expansion,active,2026-04-03T21:32:27,2028-03-23,2026-04-03T21:32:27,2026-06-29T14:46:11.163666
LON-0000439,FIN-001935,24527.57,USD,8.39,3,working_capital,overdue,2026-05-15T18:32:43,2026-08-13,2026-05-15T18:32:43,2026-06-29T14:46:11.163731
LON-0000440,FIN-001936,16325.68,USD,13.48,6,emergency,completed,2025-11-02T21:19:36,2026-05-01,2025-11-02T21:19:36,2026-06-29T14:46:11.163795
LON-0000441,FIN-001939,3532.62,USD,16.61,6,emergency,completed,2026-04-04T13:37:43,2026-10-01,2026-04-04T13:37:43,2026-06-29T14:46:11.163886
LON-0000442,FIN-001944,43922.0,USD,23.77,12,vehicle,completed,2026-04-04T13:05:53,2027-03-30,2026-04-04T13:05:53,2026-06-29T14:46:11.164050
LON-0000443,FIN-001945,23645.51,USD,21.42,3,emergency,completed,2025-09-13T05:10:22,2025-12-12,2025-09-13T05:10:22,2026-06-29T14:46:11.164113
LON-0000444,FIN-001950,16736.63,USD,13.34,24,vehicle,active,2025-02-19T15:53:34,2027-02-09,2025-02-19T15:53:34,2026-06-29T14:46:11.164257
LON-0000445,FIN-001963,23642.88,USD,21.1,12,personal,defaulted,2025-09-10T00:54:28,2026-09-05,2025-09-10T00:54:28,2026-06-29T14:46:11.164560
LON-0000446,FIN-001968,39046.72,USD,10.46,24,education,overdue,2024-01-09T03:44:48,2025-12-29,2024-01-09T03:44:48,2026-06-29T14:46:11.164703
LON-0000447,FIN-001970,32534.08,USD,10.53,3,working_capital,completed,2024-03-12T05:07:51,2024-06-10,2024-03-12T05:07:51,2026-06-29T14:46:11.164765
LON-0000448,FIN-001976,23444.34,USD,14.07,36,home_improvement,completed,2026-05-23T03:11:52,2029-05-07,2026-05-23T03:11:52,2026-06-29T14:46:11.164881
LON-0000449,FIN-001978,10849.92,USD,9.77,6,business_expansion,completed,2024-11-27T01:54:52,2025-05-26,2024-11-27T01:54:52,2026-06-29T14:46:11.164951
LON-0000450,FIN-001979,23582.19,USD,19.88,6,education,completed,2025-04-22T01:01:51,2025-10-19,2025-04-22T01:01:51,2026-06-29T14:46:11.165039
LON-0000451,FIN-001987,10713.2,USD,12.88,12,emergency,completed,2026-06-15T03:15:44,2027-06-10,2026-06-15T03:15:44,2026-06-29T14:46:11.165251
LON-0000452,FIN-001989,33527.56,USD,11.32,12,home_improvement,completed,2026-01-07T07:31:43,2027-01-02,2026-01-07T07:31:43,2026-06-29T14:46:11.165349
LON-0000453,FIN-001992,38706.93,USD,18.74,3,emergency,active,2025-08-19T15:48:56,2025-11-17,2025-08-19T15:48:56,2026-06-29T14:46:11.165443
